id,name,description,prompt,preview_image,is_free,is_active,price,currency,is_archived,archived_at,display_order,usage_count,created_at,updated_at
1,Royal Jaipur Palace - Heritage Elegance,Royal Jaipur Palace - Heritage Elegance,"Upload the basic image of the couple. Do not change their face and body. Generate a hyper-realistic Indian pre-wedding style image of the couple standing in the grand courtyard of a Jaipur heritage palace. The male is dressed in an ivory sherwani with intricate golden embroidery, paired with a matching turban and pearl mala. The female is styled in a regal crimson lehenga with zari detailing, a flowing dupatta draped gracefully across her shoulders. Lighting should mimic golden hour sunlight, soft yet radiant, casting natural highlights on skin texture and creating elongated, warm shadows on the palace walls. The backdrop must include pink sandstone arches, jharokhas, and carved domes that reflect Rajasthan's royal charm. Camera angle: low wide shot, slightly upward to capture the scale of the palace while keeping the couple in central focus. Lens: 35mm f/1.8 for wide but intimate framing with shallow depth of field, blurring architectural details slightly for dreamy effect. Atmosphere: subtle wind gently lifting the dupatta, rose petals scattered across the courtyard. Skin tones must remain natural with realistic texture, soft shine on cheeks, and no artificial smoothing. Post-processing should resemble professional Lightroom editing with warm cinematic grading, subtle vignette for mood, and enhanced golden hues to highlight heritage elegance. The final image must look like it was captured by a Canon EOS R5 with L-series lens, composed with the finesse of a professional wedding photographer.",template_previews\template1.png,TRUE,TRUE,0,INR,FALSE,,1,0,05-12-2025 12:00,05-12-2025 12:00
2,Goa Beachside Sunset - Candid Romance,Goa Beachside Sunset - Candid Romance,"Upload the basic couple image. Do not change their face and body. Generate a cinematic pre-wedding style photo of the couple walking barefoot on the sandy shores of Goa during sunset. The man is styled in a light linen kurta with rolled sleeves, casual yet classy, while the woman wears a flowing pastel peach gown that dances in the sea breeze. Lighting must highlight sunset gradients—orange, pink, and purple tones reflecting off calm ocean waves. Skin textures should appear sun-kissed, glowing naturally under the golden light, with soft shadows sculpting facial features. Backdrop: waves crashing gently, palm trees in the distance, with the horizon glowing in twilight hues. Camera angle: silhouette-inspired mid-shot taken slightly from behind, capturing the couple holding hands as they laugh candidly. Lens: 50mm f/1.4 portrait lens to create smooth bokeh from distant light sources. Atmosphere: dreamy, candid, with wind lifting her gown's fabric. Editing: enhanced warmth, rich color grading for sky tones, and cinematic contrast to make the couple pop against the backdrop. The image must give the vibe of a Vogue India couple feature shoot, with elegance, romance, and natural emotion.",template_previews\template2.png,TRUE,TRUE,0,INR,FALSE,,2,0,05-12-2025 12:00,05-12-2025 12:00
3,Mughal Garden Walk - Vintage Royalty,Mughal Garden Walk - Vintage Royalty,"Upload the basic couple photo. Do not change their face and body. Generate a pre-wedding photo in the symmetrical Mughal Gardens of Delhi. The male wears a pastel ivory sherwani with embroidered cuffs, while the female is in a mint-green lehenga with floral motifs, accessorized with delicate jewelry. Lighting: soft diffused daylight, resembling an overcast sky, for even skin tones and gentle highlights without harsh shadows. Skin texture must appear realistic with subtle matte finish, natural glow around cheeks, and detailed highlights in eyes. Backdrop: manicured hedges, fountains, symmetrical pathways, and vintage Mughal-inspired arches. Camera angle: aerial high perspective shot, showing the couple hand-in-hand walking along the central garden pathway, with symmetry emphasized. Lens: 24mm wide lens for architectural detail and depth. Atmosphere: calm, elegant, timeless. Editing: pastel tones enhanced, slightly desaturated greens, and a soft vignette. The final photo must feel like a royal pre-wedding editorial spread, with balance between natural beauty and regal ambiance.",template_previews\template3.png,TRUE,TRUE,0,INR,FALSE,,3,0,05-12-2025 12:00,05-12-2025 12:00
4,Jaisalmer Desert Dunes - Cinematic Grandeur,Jaisalmer Desert Dunes - Cinematic Grandeur,"Upload the couple image. Do not change their face and body. Generate a pre-wedding style photo in the golden sand dunes of Jaisalmer. The man wears a navy-blue kurta with a contrasting saffron turban, while the woman is styled in a bright yellow lehenga with intricate mirror work. Lighting: harsh desert sunlight softened with cinematic grading, casting dramatic shadows on the sand. Skin textures must remain natural with visible glow, avoiding over-smoothing. Backdrop: endless dunes fading into the horizon, with a decorated camel in the distance for authentic Rajasthani feel. Camera angle: low ground-level wide shot, showing the vast desert while focusing sharply on the couple. Lens: 16-35mm wide-angle lens for grandeur. Atmosphere: cinematic, slightly hazy with dust in the background. Editing: high contrast desert tones, boosted saturation in yellows and blues, dramatic highlights. The photo must look like a professional desert fashion editorial blended with pre-wedding charm.",template_previews\template4.png,TRUE,TRUE,0,INR,FALSE,,4,0,05-12-2025 12:00,05-12-2025 12:00
5,Mumbai Rooftop Lights - Urban Luxury,Mumbai Rooftop Lights - Urban Luxury,"Upload the couple photo. Do not change their face and body. Generate a modern pre-wedding photo on a luxury rooftop lounge in Mumbai overlooking the night skyline. The man is styled in a tailored black tuxedo with bow tie, while the woman dazzles in a silver sequin gown. Lighting: artificial bokeh city lights in background, fairy lights wrapped around railings, with subtle side-lighting on faces for soft glow. Skin: glamorous but realistic with slight gloss on lips and cheekbones. Backdrop: blurred skyscrapers, horizon dotted with lights. Camera angle: close-up mid-shot, over-the-shoulder, capturing their intimate laughter. Lens: 85mm portrait lens for creamy bokeh. Atmosphere: urban romance, modern and stylish. Editing: cinematic teal-orange grading, high-contrast sharpness, slight vignette for intimacy. The photo must appear like a luxury magazine cover shoot.",template_previews\template5.png,TRUE,TRUE,0,INR,FALSE,,5,0,05-12-2025 12:00,05-12-2025 12:00
6,Kerala Backwater Houseboat - Timeless Tradition,Kerala Backwater Houseboat - Timeless Tradition,"Upload the couple photo. Do not change their face and body. Generate a pre-wedding style photo set in the backwaters of Kerala with a traditional houseboat. The male wears a white mundu and simple kurta, while the female is dressed in a Kasavu saree with gold border, jasmine flowers in her hair. Lighting: soft morning sunlight reflecting off water, highlighting natural facial textures. Skin tones must look naturally warm with slight sheen under humid atmosphere. Backdrop: serene coconut trees lining the backwaters, calm reflections in water. Camera angle: side profile shot from canoe, framing the couple sitting together on the houseboat edge. Lens: 70-200mm zoom lens for background compression. Editing: natural tones, vibrant greens, softened reflections for painterly effect. Final photo must resemble a classic National Geographic meets wedding editorial look.",template_previews\template6.png,TRUE,TRUE,0,INR,FALSE,,6,0,05-12-2025 12:00,05-12-2025 12:00
7,Himachal Snow Romance - Winter Fairytale,Himachal Snow Romance - Winter Fairytale,"Upload the couple image. Do not change their face and body. Generate a pre-wedding style photo in a snow-covered Himachal valley. Male in dark wool trench coat, scarf, and gloves, female in velvet red gown with faux fur shawl. Lighting: daylight softened by snowy clouds, creating bluish-cool highlights. Skin: rosy natural cheeks, visible breath mist in cold. Backdrop: snow-draped pine trees, mountain peaks blurred in background. Camera angle: wide shot with couple twirling in snow, flakes mid-air. Lens: 35mm for depth. Editing: cinematic winter grading, slightly desaturated blues, boosted reds for contrast. Final photo must capture candid fairytale romance.",template_previews\template7.png,TRUE,TRUE,0,INR,FALSE,,7,0,05-12-2025 12:00,05-12-2025 12:00
8,Udaipur Lake Palace - Golden Reflection,Udaipur Lake Palace - Golden Reflection,"Upload the couple image. Do not change their face and body. Generate a pre-wedding photo on the lake-facing terrace of Udaipur's Lake Palace. Male wears cream sherwani with stole, female in maroon lehenga with golden embroidery. Lighting: palace lights glowing at dusk, golden reflections shimmering on water. Skin: naturally warm with candlelit glow. Backdrop: palace domes illuminated, diyas floating on lake. Camera angle: romantic back-facing silhouette, couple gazing at palace lights. Lens: 50mm f/1.2 for cinematic bokeh. Editing: enhanced warm tones, HDR richness, dreamy golden aesthetic.",template_previews\template8.png,TRUE,TRUE,0,INR,FALSE,,8,0,05-12-2025 12:00,05-12-2025 12:00
9,Bollywood Glam - Cinematic Drama,Bollywood Glam - Cinematic Drama,"Upload the couple photo. Do not change their face and body. Generate a Bollywood-style film poster pre-wedding shoot. Male in leather jacket, female in shimmering golden gown. Lighting: studio-style dramatic spotlight with neon side glow. Backdrop: cinematic smoke, urban neon signs blurred. Camera angle: low upward shot, exaggerated hero-style composition. Lens: 24-70mm with sharpness. Editing: HDR cinematic grading, subtle film grain, teal-orange balance. Must look like a Bollywood movie promotional poster.",template_previews\template9.png,TRUE,TRUE,0,INR,FALSE,,9,0,05-12-2025 12:00,05-12-2025 12:00
10,Temple Blessings - South Indian Tradition,Temple Blessings - South Indian Tradition,"Upload the couple photo. Do not change their face and body. Generate a pre-wedding image at Meenakshi Temple, Madurai. Male in silk veshti with angavastram, female in red saree with jasmine gajra. Lighting: temple diyas and diffused sunlight through carved pillars. Skin: warm golden glow, natural temple highlights. Backdrop: gopuram visible in soft focus, rangoli on floor. Camera angle: mid-shot of couple folding hands, priest faintly in background. Lens: 85mm for intimacy. Editing: rich warm tones, fine details on saree, jewelry shimmer. The final must look like a traditional cultural wedding editorial.",template_previews\template10.png,TRUE,TRUE,0,INR,FALSE,,10,0,05-12-2025 12:00,05-12-2025 12:00
11,Rishikesh Riverside Serenity - Spiritual Romance,Rishikesh Riverside Serenity - Spiritual Romance,"Upload the couple photo. Do not change their face and body. Generate a hyper-realistic pre-wedding photo along the banks of the Ganga in Rishikesh. The man is styled in a pastel beige kurta with Nehru jacket, the woman in an ivory saree with golden border and light chiffon drape. Lighting: golden morning sunlight filtering through river mist, casting warm beams across the couple. Skin: natural texture with a soft morning glow, cheeks slightly flushed in natural daylight. Backdrop: holy Ganga river with gentle ripples, distant ghats with diyas, and faint Himalaya foothills behind. Camera angle: wide shot from the riverside edge, capturing reflections of the couple in the water. Lens: 35mm f/1.8 to balance couple with landscape. Atmosphere: serene, spiritual, calm. Editing: enhanced clarity in water reflections, warm golden grading, soft vignette for ethereal mood. This photo should look like a professional candid editorial that blends spirituality with romance.",template_previews\template11.png,TRUE,TRUE,0,INR,FALSE,,11,0,05-12-2025 12:00,05-12-2025 12:00
12,Punjab Mustard Fields - Vibrant Love,Punjab Mustard Fields - Vibrant Love,"Upload the couple photo. Do not change their face and body. Generate a colorful pre-wedding photo in Punjab's mustard fields. Male wears a royal blue kurta with phulkari dupatta and mojris, female in a bright yellow salwar kameez with dupatta flowing in wind. Lighting: late afternoon sunlight, highlighting the yellow mustard flowers in vibrant tones. Skin: glowing under warm daylight, realistic texture with no smoothing. Backdrop: endless fields of mustard flowers with a tractor faintly in distance. Camera angle: wide low-angle shot from flower level, showing the couple walking hand in hand through the fields. Lens: 24mm for depth and vibrancy. Atmosphere: rustic, cinematic, energetic. Editing: rich yellows and blues enhanced, HDR grading for lively contrast. Looks like a Punjabi music video still mixed with pre-wedding warmth.",template_previews\template12.png,TRUE,TRUE,0,INR,FALSE,,12,0,05-12-2025 12:00,05-12-2025 12:00
13,Varanasi Ghats - Eternal Bond,Varanasi Ghats - Eternal Bond,"Upload the couple image. Do not change their face and body. Generate a pre-wedding style shot at Varanasi Ghats during evening aarti. Male in cream kurta with golden stole, female in Banarasi red saree with zari motifs. Lighting: oil lamps and diyas glowing, warm orange-yellow tones reflecting on water. Skin: lit by flame, warm golden highlights, natural shine. Backdrop: river ghats with flickering diyas, faint smoke from incense rising. Camera angle: candid mid-shot with couple seated on stone steps, hands intertwined, diyas floating in background. Lens: 50mm portrait for intimacy. Editing: golden cinematic tone, sharp detail on saree fabric, subtle glow on diyas. Photo must feel spiritual, romantic, timeless.",template_previews\template13.png,TRUE,TRUE,0,INR,FALSE,,13,0,05-12-2025 12:00,05-12-2025 12:00
14,Kashmir Shikara Ride - Dreamy Romance,Kashmir Shikara Ride - Dreamy Romance,"Upload the couple photo. Do not change their face and body. Generate a dreamy pre-wedding photo in Dal Lake, Srinagar. Male in light grey woolen kurta with shawl, female in pastel blue Pashmina outfit with matching dupatta. Lighting: soft golden hour sun casting warm hues on water surface. Skin: radiant glow with cool undertones in mountain light. Backdrop: shikara boat decorated with Kashmiri carpets, snow-capped peaks in distance. Camera angle: slightly aerial from a nearby boat, showing couple seated together holding hands. Lens: 85mm portrait lens for shallow depth and lake reflections. Editing: soft cinematic grading, pastel sky tones, romantic glow. Must look like a Yash Raj Films Kashmir romance scene.",template_previews\template14.png,TRUE,TRUE,0,INR,FALSE,,14,0,05-12-2025 12:00,05-12-2025 12:00
15,Rajasthan Fort Grandeur - Royal Statement,Rajasthan Fort Grandeur - Royal Statement,"Upload the couple image. Do not change their face and body. Generate a pre-wedding photo inside a Jodhpur fort courtyard. Male in dark green sherwani with emerald brooch, female in heavily embroidered royal purple lehenga. Lighting: natural sunlight mixed with torch-lit golden accents along stone walls. Skin: naturally lit with realistic shine, elegant warm tones. Backdrop: massive stone arches, fort doors, dramatic shadows. Camera angle: low wide shot, emphasizing fort grandeur with couple central. Lens: 24mm wide angle. Editing: high contrast, dramatic highlights, rich jewel-toned grading. The photo must look like a royal fashion editorial.",template_previews\template15.png,TRUE,TRUE,0,INR,FALSE,,15,0,05-12-2025 12:00,05-12-2025 12:00
16,Jaipur Hot Air Balloon Ride - Adventure Romance,Jaipur Hot Air Balloon Ride - Adventure Romance,"Upload couple photo. Do not change their face and body. Generate a pre-wedding photo of couple in a hot air balloon over Jaipur. Male in cream kurta with stole, female in flowy peach gown. Lighting: early sunrise golden light illuminating balloon and couple. Skin: glowing with soft highlights. Backdrop: Jaipur skyline, forts, Aravalli hills visible below. Camera angle: aerial drone-inspired perspective from another balloon, showing wide expanse. Lens: 35mm for cinematic detail. Atmosphere: adventurous, magical. Editing: warm saturation, HDR vibrancy. Looks like a luxury destination wedding promo shot.",template_previews\template16.png,TRUE,TRUE,0,INR,FALSE,,16,0,05-12-2025 12:00,05-12-2025 12:00
17,Tamil Nadu Temple Corridor - Cultural Grandeur,Tamil Nadu Temple Corridor - Cultural Grandeur,"Upload the couple photo. Do not change their face and body. Generate a pre-wedding photo in a long temple corridor with carved pillars in Tamil Nadu. Male in white silk veshti, female in bright orange silk saree with heavy temple jewelry. Lighting: natural daylight filtering through carved pillars, creating patterned shadows. Skin: warm highlights with temple-lit glow. Backdrop: endless symmetrical pillars fading into perspective. Camera angle: center-framed symmetry shot, couple holding hands walking away slightly. Lens: 50mm for intimate depth. Editing: high contrast for carved stone, rich vibrant saree tones. Looks like a traditional cultural wedding magazine cover.",template_previews\template17.png,TRUE,TRUE,0,INR,FALSE,,17,0,05-12-2025 12:00,05-12-2025 12:00
18,Mumbai Marine Drive - Modern Romance,Mumbai Marine Drive - Modern Romance,"Upload the couple image. Do not change their face and body. Generate a pre-wedding photo at Marine Drive during blue hour. Male in fitted blazer, female in elegant pastel gown. Lighting: twilight sky blending blue and orange, streetlights creating bokeh. Skin: softly lit with cool tones, realistic glow. Backdrop: Queen's Necklace curve of Mumbai lights. Camera angle: candid side profile, couple seated on sea-facing rocks. Lens: 85mm for bokeh effect. Editing: teal-orange cinematic tones, boosted city lights. Must look like a Bollywood romantic movie still.",template_previews\template18.png,TRUE,TRUE,0,INR,FALSE,,18,0,05-12-2025 12:00,05-12-2025 12:00
19,Delhi India Gate - National Elegance,Delhi India Gate - National Elegance,"Upload couple image. Do not change their face and body. Generate a pre-wedding photo in front of India Gate, Delhi, softly lit at night. Male in tailored black suit, female in deep red evening gown. Lighting: glowing monument lights, soft white highlights. Skin: polished with natural warm glow. Backdrop: India Gate illuminated, faint car light trails behind. Camera angle: wide dramatic shot, couple central with monument towering above. Lens: 24mm wide lens. Editing: HDR city tones, dramatic contrast, soft vignette. Looks like a Times of India lifestyle feature photo.",template_previews\template19.png,TRUE,TRUE,0,INR,FALSE,,19,0,05-12-2025 12:00,05-12-2025 12:00
20,Hyderabad Charminar - Cultural Elegance,Hyderabad Charminar - Cultural Elegance,"Upload couple photo. Do not change their face and body. Generate a pre-wedding style photo in front of Charminar at twilight. Male in traditional sherwani, female in golden Hyderabadi khada dupatta. Lighting: monument glowing with yellow spotlights, faint twilight sky. Skin: warm golden highlights with realistic detail. Backdrop: bustling bazaar blurred in bokeh. Camera angle: mid-shot framed under one arch, couple in focus with Charminar scale visible. Lens: 35mm for balanced composition. Editing: golden cinematic grading, enhanced texture on fabrics. Must look like a luxury Hyderabadi wedding shoot.",template_previews\template20.png,TRUE,TRUE,0,INR,FALSE,,20,0,05-12-2025 12:00,05-12-2025 12:00
21,Jaipur Amer Fort - Regal Romance,Jaipur Amer Fort - Regal Romance,"Upload the couple photo. Do not change their face and body. Generate a hyper-realistic pre-wedding photo inside the majestic Amer Fort of Jaipur. The man is styled in an emerald green sherwani with a matching stole, while the woman wears a heavily embroidered red and gold lehenga with layered jewelry. Lighting: soft late-afternoon sunlight entering through stone arches, creating a golden royal glow on faces. Skin: naturally detailed with subtle warm highlights, slight shadows enhancing facial structure. Backdrop: intricately carved walls, arched gateways, and traditional courtyards of Amer Fort. Camera angle: slightly low wide shot, emphasizing fort grandeur with couple central. Lens: 24-70mm for balanced detail. Atmosphere: cinematic, slightly hazy with dust particles glowing in sunlight. Editing: warm golden grading, HDR sharpening of fort textures, vignette for intimacy. The image should resemble a Heritage India royal wedding editorial.",template_previews\template21.png,FALSE,TRUE,50,INR,FALSE,,21,0,05-12-2025 12:00,05-12-2025 12:00
22,Taj Mahal Sunset - Eternal Love,Taj Mahal Sunset - Eternal Love,"Upload the couple photo. Do not change their face and body. Generate a hyper-realistic pre-wedding shot in front of the Taj Mahal at sunset. Male in off-white sherwani, female in pastel pink lehenga with delicate zari embroidery. Lighting: golden-pink hues of sunset reflecting on marble, subtle soft shadows. Skin: radiant warm glow, realistic highlights on cheeks. Backdrop: Taj Mahal glowing softly, Yamuna river faintly reflecting in background. Camera angle: mid-wide shot with couple slightly off-center, monument towering gracefully. Lens: 35mm prime for sharp details. Editing: pastel cinematic tones, warm saturation, soft gradient sky. The photo must look timeless, capturing love as eternal as the Taj.",template_previews\template22.png,FALSE,TRUE,50,INR,FALSE,,22,0,05-12-2025 12:00,05-12-2025 12:00
23,Delhi Lodhi Garden - Vintage Elegance,Delhi Lodhi Garden - Vintage Elegance,"Upload the couple photo. Do not change their face and body. Generate a pre-wedding style photo in Lodhi Garden, Delhi. Male in beige Nehru jacket and kurta, female in floral pastel gown. Lighting: soft diffused daylight filtered by trees, natural even tones. Skin: realistic texture with soft matte finish. Backdrop: ancient Mughal tombs, lush greenery, stone pathways. Camera angle: romantic candid shot of couple walking hand in hand, slightly tilted for editorial flair. Lens: 50mm portrait lens. Atmosphere: vintage charm, serene. Editing: muted greens, warm highlights, filmic vignette. Must look like a lifestyle wedding magazine editorial.",template_previews\template23.png,FALSE,TRUE,50,INR,FALSE,,23,0,05-12-2025 12:00,05-12-2025 12:00
24,Andaman Beach Romance - Ocean Bliss,Andaman Beach Romance - Ocean Bliss,"Upload the couple photo. Do not change their face and body. Generate a pre-wedding photo on Andaman Islands beach. Male in casual white shirt and rolled linen pants, barefoot. Female in aqua blue flowing gown with chiffon layers. Lighting: bright tropical golden hour sun with sparkling ocean reflections. Skin: sun-kissed texture, glowing highlights. Backdrop: turquoise waters, palm trees swaying, soft waves splashing near feet. Camera angle: wide low-angle shot from sand level, showing horizon and sea behind. Lens: 35mm for cinematic seascape. Atmosphere: dreamy, breezy, candid. Editing: vibrant tropical tones, rich blues and aquas. Must look like a destination wedding shoot in paradise.",template_previews\template24.png,FALSE,TRUE,50,INR,FALSE,,24,0,05-12-2025 12:00,05-12-2025 12:00
25,Jaipur Stepwell - Architectural Drama,Jaipur Stepwell - Architectural Drama,"Upload the couple photo. Do not change their face and body. Generate a pre-wedding shot in front of an ancient stepwell in Rajasthan. Male in traditional off-white kurta with a maroon stole, female in bright orange lehenga. Lighting: harsh desert sunlight softened in edit for cinematic tones. Skin: detailed with natural warmth. Backdrop: symmetrical stone steps of stepwell creating geometric depth. Camera angle: aerial top-view shot, couple central at bottom step. Lens: 24mm wide lens to capture geometry. Editing: warm desert grading, high contrast stone textures. Must look like a cultural pre-wedding masterpiece.",template_previews\template25.png,FALSE,TRUE,50,INR,FALSE,,25,0,05-12-2025 12:00,05-12-2025 12:00
26,Shimla Pine Forest - Romantic Escape,Shimla Pine Forest - Romantic Escape,"Upload the couple photo. Do not change their face and body. Generate a pre-wedding image inside tall pine forests of Shimla. Male in navy-blue woolen coat, female in long velvet gown with flowing train. Lighting: dappled sunlight breaking through tall trees. Skin: soft glow with cool undertones. Backdrop: towering pine trees, misty haze in distance. Camera angle: low wide shot with forest perspective, couple holding hands walking. Lens: 35mm cinematic wide. Editing: moody green grading, soft mist effect, HDR highlights. Must look like a romantic Bollywood outdoor scene.",template_previews\template26.png,FALSE,TRUE,50,INR,FALSE,,26,0,05-12-2025 12:00,05-12-2025 12:00
27,Jaipur Hawa Mahal - Cultural Majesty,Jaipur Hawa Mahal - Cultural Majesty,"Upload the couple photo. Do not change their face and body. Generate a pre-wedding photo in front of Hawa Mahal, Jaipur. Male in cream sherwani, female in pink lehenga with heavy embroidery. Lighting: early morning soft light on sandstone palace. Skin: natural glow, fine highlights. Backdrop: full Hawa Mahal façade with intricate windows. Camera angle: mid-wide shot, couple standing in front holding hands. Lens: 24-70mm for sharp detail. Editing: enhanced sandstone pink, HDR crisp tones. Must look like a travel magazine meets pre-wedding editorial.",template_previews\template27.png,FALSE,TRUE,50,INR,FALSE,,27,0,05-12-2025 12:00,05-12-2025 12:00
28,Kerala Cliffside Beach - Dramatic Love,Kerala Cliffside Beach - Dramatic Love,"Upload the couple image. Do not change their face and body. Generate a pre-wedding style photo on Varkala cliff overlooking the Arabian Sea. Male in beige linen shirt, female in red flowing gown with chiffon trail. Lighting: golden hour sun setting over ocean horizon. Skin: glowing under warm tones. Backdrop: cliff edge, ocean waves crashing below, horizon lit in orange. Camera angle: wide dramatic angle from slightly behind couple, gown flowing with wind. Lens: 35mm for cinematic effect. Editing: dramatic grading with enhanced reds and oranges. Must look like a luxury cinematic travel wedding poster.",template_previews\template28.png,FALSE,TRUE,50,INR,FALSE,,28,0,05-12-2025 12:00,05-12-2025 12:00
29,Gujarat White Rann - Moonlit Magic,Gujarat White Rann - Moonlit Magic,"Upload the couple photo. Do not change their face and body. Generate a pre-wedding photo in Rann of Kutch white desert during full moon night. Male in black sherwani, female in silver lehenga with shimmering details. Lighting: moonlight glow across white salt desert, soft blue highlights. Skin: cool natural tones, glowing softly. Backdrop: endless salt desert glowing in moonlight, faint starry sky. Camera angle: wide shot of couple walking holding lanterns, moon central above them. Lens: 24mm wide for expanse. Editing: cool cinematic grading, HDR moon effect. Must look like a dreamlike fairytale wedding still.",template_previews\template29.png,FALSE,TRUE,50,INR,FALSE,,29,0,05-12-2025 12:00,05-12-2025 12:00
30,Darjeeling Tea Gardens - Romantic Calm,Darjeeling Tea Gardens - Romantic Calm,"Upload the couple photo. Do not change their face and body. Generate a pre-wedding style photo in lush tea gardens of Darjeeling. Male in pastel kurta with scarf, female in emerald green lehenga with floral details. Lighting: early morning mist with soft diffused sunlight. Skin: fresh glow, slightly dewy texture. Backdrop: rolling tea plantations, faint Kanchenjunga peak in distance. Camera angle: slightly elevated mid-shot, couple walking down tea garden paths. Lens: 50mm for natural intimacy. Editing: vibrant greens, soft pastel skies. Must look like a nature-inspired editorial romance.",template_previews\template30.png,FALSE,TRUE,50,INR,FALSE,,30,0,05-12-2025 12:00,05-12-2025 12:00
31,Udaipur Lake Pichola Boat Ride - Royal Serenity,Udaipur Lake Pichola Boat Ride - Royal Serenity,"Upload the couple photo. Do not change their face and body. Generate a pre-wedding photo of the couple in a decorated wooden boat on Lake Pichola, Udaipur. Male in cream silk kurta with golden embroidery, female in deep maroon lehenga with gold zari. Lighting: soft golden hour reflecting on water, glowing on couple's faces. Skin: radiant with natural highlights. Backdrop: City Palace and Jag Mandir faintly visible across the lake. Camera angle: aerial drone-like shot from above the boat, showing shimmering water trails. Lens: 24mm wide for majestic scale. Editing: warm cinematic grading, enhanced water reflections, soft vignette. Must resemble a royal destination wedding editorial.",template_previews\template31.png,FALSE,TRUE,50,INR,FALSE,,31,0,05-12-2025 12:00,05-12-2025 12:00
32,Jodhpur Mehrangarh Fort - Historic Serenity,Udaipur Lake Pichola Boat Ride - Royal Serenity,"Upload the couple photo. Do not change their face and body. Generate a pre-wedding image in front of a Portuguese heritage villa in Goa. Male in beige linen kurta, female in floral pastel saree with pearl accessories. Lighting: warm evening glow on whitewashed villa walls. Skin: natural warm glow, realistic facial texture. Backdrop: colonial villa arches,bougainvillea flowers. Camera angle: mid-shot of couple leaning on villa balcony rail,candid smile. Lens: 50mm portrait. Editing: warm pastel grading, soft vignette, film-styletones. Must look like a romantic heritage editorial..",template_previews\template32.png,FALSE,TRUE,50,INR,FALSE,,32,0,05-12-2025 12:00,05-12-2025 12:00
33,Goa Portuguese Villa - Romantic Vintage,Goa Portuguese Villa - Romantic Vintage,"Upload the couple photo. Do not change their face and body. Generate a pre-wedding image in front of a Portuguese heritage villa in Goa. Male in beige linen kurta, female in floral pastel saree with pearl accessories. Lighting: warm evening glow on whitewashed villa walls. Skin: natural warm glow, realistic facial texture. Backdrop: colonial villa arches, bougainvillea flowers. Camera angle: mid-shot of couple leaning on villa balcony rail, candid smile. Lens: 50mm portrait. Editing: warm pastel grading, soft vignette, film-style tones. Must look like a romantic heritage editorial.",template_previews\template33.png,FALSE,TRUE,50,INR,FALSE,,33,0,05-12-2025 12:00,05-12-2025 12:00
34,Rajasthan Desert Campfire - Intimate Glow,Rajasthan Desert Campfire - Intimate Glow,"Upload the couple photo. Do not change their face and body. Generate a pre-wedding scene in a Rajasthan desert camp. Male in cream kurta with embroidered jacket, female in red lehenga with dupatta covering head. Lighting: warm golden firelight illuminating faces, soft moonlight highlighting desert dunes. Skin: glowing under firelight, warm textures. Backdrop: open desert sky with faint stars, traditional tents in distance. Camera angle: close-up intimate shot, couple sitting near campfire. Lens: 85mm portrait for cinematic intimacy. Editing: warm fire glow grading, HDR detail on faces, soft vignette. Must look like a romantic Bollywood desert moment.",template_previews\template34.png,FALSE,TRUE,50,INR,FALSE,,34,0,05-12-2025 12:00,05-12-2025 12:00
35,Manali Snowfall - Winter Romance,Manali Snowfall - Winter Romance,"Upload the couple photo. Do not change their face and body. Generate a pre-wedding photo in snowy landscapes of Manali. Male in woolen coat and scarf, female in velvet gown with fur shawl. Lighting: soft daylight reflecting on snow, giving natural glow. Skin: cool undertones with visible warmth on cheeks. Backdrop: snow-covered pine forests and mountains. Camera angle: candid walking shot holding hands, snow falling around. Lens: 35mm cinematic wide. Editing: crisp whites, cool blue grading, HDR sharpness on snowflakes. Must look like a luxury cinematic snow shoot.",template_previews\template35.png,FALSE,TRUE,50,INR,FALSE,,35,0,05-12-2025 12:00,05-12-2025 12:00
36,Kerala Backwaters Houseboat - Peaceful Love,Kerala Backwaters Houseboat - Peaceful Love,"Upload the couple photo. Do not change their face and body. Generate a pre-wedding scene on a Kerala houseboat cruising through backwaters. Male in cream mundu and kurta, female in golden silk saree. Lighting: warm evening glow with soft reflections on water. Skin: golden highlights, naturally radiant. Backdrop: calm palm-fringed backwaters, houseboat wooden detailing. Camera angle: wide angle from boat front, couple leaning together. Lens: 24mm wide cinematic. Editing: warm tropical tones, smooth cinematic finish. Must look like a destination wedding travel magazine cover.",template_previews\template36.png,FALSE,TRUE,50,INR,FALSE,,36,0,05-12-2025 12:00,05-12-2025 12:00
37,Varanasi Ganga Ghats - Spiritual Romance,Varanasi Ganga Ghats - Spiritual Romance,"Upload the couple photo. Do not change their face and body. Generate a pre-wedding shot at Dashashwamedh Ghat, Varanasi. Male in traditional kurta with dupatta, female in Banarasi silk saree with golden border. Lighting: golden hour sunset on Ganga waters, diyas glowing on river. Skin: warm orange glow, realistic texture. Backdrop: ancient ghats, Ganga aarti flames, boats in background. Camera angle: mid-wide shot from riverbank, couple framed against Ganga and temples. Lens: 35mm cinematic. Editing: warm golden grading, HDR flames, spiritual mood. Must look like a sacred love editorial.",template_previews\template37.png,FALSE,TRUE,50,INR,FALSE,,37,0,05-12-2025 12:00,05-12-2025 12:00
38,Mumbai Marine Drive - Modern Elegance,Mumbai Marine Drive - Modern Elegance,"Upload the couple photo. Do not change their face and body. Generate a pre-wedding image at Marine Drive, Mumbai. Male in formal navy blazer and trousers, female in flowing red gown. Lighting: evening twilight with city lights beginning to glow. Skin: natural with warm tones. Backdrop: Arabian Sea with Queen's Necklace skyline. Camera angle: wide shot of couple walking along Marine Drive, city in background. Lens: 35mm cinematic wide. Editing: cool urban grading with warm highlights, HDR city lights. Must look like a modern Bollywood pre-wedding poster.",template_previews\template38.png,FALSE,TRUE,50,INR,FALSE,,38,0,05-12-2025 12:00,05-12-2025 12:00
39,Kashmir Tulip Garden - Floral Dream,Kashmir Tulip Garden - Floral Dream,"Upload the couple photo. Do not change their face and body. Generate a pre-wedding photo in Kashmir's Indira Gandhi Tulip Garden. Male in pastel kurta, female in pastel pink lehenga with floral embroidery. Lighting: soft spring daylight, vibrant color reflections on faces. Skin: fresh glowing texture. Backdrop: rows of tulips in multiple colors, mountains faintly behind. Camera angle: low angle wide shot of couple standing amidst tulips, gown flowing with breeze. Lens: 35mm for wide floral expanse. Editing: vibrant saturated colors, cinematic bloom. Must look like a dreamlike romantic editorial.",template_previews\template39.png,FALSE,TRUE,50,INR,FALSE,,39,0,05-12-2025 12:00,05-12-2025 12:00
40,Rishikesh Suspension Bridge - Adventurous Love,Rishikesh Suspension Bridge - Adventurous Love,"Upload the couple photo. Do not change their face and body. Generate a pre-wedding photo on Laxman Jhula bridge, Rishikesh. Male in casual kurta with scarf, female in long gown. Lighting: golden sunlight reflecting off Ganga. Skin: natural tone with golden warmth. Backdrop: suspension bridge ropes, mountains and river behind. Camera angle: wide shot of couple at bridge center, river flowing below. Lens: 24mm wide cinematic. Editing: warm adventure tones, HDR sharpness. Must look like a travel adventure pre-wedding magazine cover.",template_previews\template40.png,FALSE,TRUE,50,INR,FALSE,,40,0,05-12-2025 12:00,05-12-2025 12:00
41,Jaipur City Palace Courtyard - Royal Frames,Jaipur City Palace Courtyard - Royal Frames,"Upload the couple photo. Do not change their face and body. Generate a hyper-realistic pre-wedding shot inside the City Palace courtyard, Jaipur. Male in ivory sherwani with gold embroidery, female in deep emerald lehenga with traditional jewelry. Lighting: soft golden beams filtering into the courtyard, casting intricate shadows. Skin: radiant warm glow with natural highlights. Backdrop: ornate palace arches, Mughal-Rajput fusion architecture. Camera angle: low wide shot, capturing couple in foreground and towering arches behind. Lens: 24-70mm for cinematic detail. Editing: golden warm grading, HDR highlights on palace carvings, slight vignette for focus. Must look like a luxury heritage wedding editorial.",template_previews\template41.png,FALSE,TRUE,50,INR,FALSE,,41,0,05-12-2025 12:00,05-12-2025 12:00
42,Agra Yamuna Riverside - Taj Reflections,Agra Yamuna Riverside - Taj Reflections,"Upload the couple photo. Do not change their face and body. Generate a pre-wedding photo at Yamuna riverbank opposite the Taj Mahal. Male in off-white sherwani, female in pastel blue lehenga with silver details. Lighting: soft twilight glow, Taj reflecting in calm river waters. Skin: subtle radiant texture with pastel tones. Backdrop: Taj Mahal reflection across Yamuna, faint birds flying in dusk sky. Camera angle: mid-wide romantic shot of couple sitting by riverside, water and Taj reflection behind. Lens: 35mm cinematic. Editing: soft pastel grading, enhanced water reflections, dreamy glow. Must look like a timeless romantic magazine cover.",template_previews\template42.png,FALSE,TRUE,50,INR,FALSE,,42,0,05-12-2025 12:00,05-12-2025 12:00
43,Jaisalmer Sand Dunes - Golden Romance,Jaisalmer Sand Dunes - Golden Romance,"Upload the couple photo. Do not change their face and body. Generate a pre-wedding style photo in Sam Sand Dunes, Jaisalmer. Male in white kurta-pajama with red turban, female in bright mustard lehenga with flowing dupatta. Lighting: golden desert sunset casting long shadows. Skin: glowing warm texture. Backdrop: rolling dunes with camel silhouettes in distance. Camera angle: wide shot from dune ridge, couple central against vast horizon. Lens: 24mm for sweeping scale. Editing: warm desert grading, HDR dune textures, cinematic orange tones. Must look like a Bollywood desert romance poster.",template_previews\template43.png,FALSE,TRUE,50,INR,FALSE,,43,0,05-12-2025 12:00,05-12-2025 12:00
44,Kerala Alleppey Sunset - Backwater Bliss,Kerala Alleppey Sunset - Backwater Bliss,"Upload the couple photo. Do not change their face and body. Generate a pre-wedding shot on a wooden canoe in Alleppey backwaters. Male in light beige kurta, female in silk saree with golden zari. Lighting: glowing sunset reflecting in water channels, soft warm tones. Skin: golden glow with fine textures. Backdrop: palm-fringed waterways, fishing nets in background. Camera angle: aerial drone-like wide shot, showing canoe cutting through reflective water. Lens: 24mm wide cinematic. Editing: rich tropical grading, smooth reflection effects. Must look like a destination romance travel editorial.",template_previews\template44.png,FALSE,TRUE,50,INR,FALSE,,44,0,05-12-2025 12:00,05-12-2025 12:00
45,Himachal Mountain Ridge - Clouds of Love,Himachal Mountain Ridge - Clouds of Love,"Upload the couple photo. Do not change their face and body. Generate a pre-wedding scene on a high mountain ridge in Himachal Pradesh. Male in woolen kurta with jacket, female in long gown with flowing chiffon trail. Lighting: early morning sunlight piercing clouds, mist around couple. Skin: fresh radiant glow, cool undertones. Backdrop: snow-capped peaks, floating clouds below. Camera angle: wide low-angle shot from ridge level, couple central with mountains towering. Lens: 16-35mm ultra-wide for dramatic depth. Editing: cool cinematic tones, HDR cloud details, soft gradient sky. Must look like a cinematic mountaintop romance.",template_previews\template45.png,FALSE,TRUE,50,INR,FALSE,,45,0,05-12-2025 12:00,05-12-2025 12:00
46,Amritsar Golden Temple - Sacred Love,Amritsar Golden Temple - Sacred Love,"Upload the couple photo. Do not change their face and body. Generate a pre-wedding photo at Golden Temple, Amritsar. Male in cream kurta-pajama with turban, female in elegant red Punjabi suit with phulkari dupatta. Lighting: golden temple lights reflecting on Sarovar water at night. Skin: soft golden glow from temple light. Backdrop: illuminated Golden Temple, shimmering water reflections. Camera angle: mid-wide shot of couple standing near Sarovar edge, temple central in frame. Lens: 35mm cinematic. Editing: golden tones, HDR temple glow, soft romantic haze. Must look like a spiritual pre-wedding masterpiece.",template_previews\template46.png,FALSE,TRUE,50,INR,FALSE,,46,0,05-12-2025 12:00,05-12-2025 12:00
47,Mumbai Gateway of India - Urban Heritage,Mumbai Gateway of India - Urban Heritage,"Upload the couple photo. Do not change their face and body. Generate a pre-wedding shot at Gateway of India, Mumbai. Male in tailored blazer, female in flowing gown. Lighting: early sunrise casting warm glow on monument. Skin: natural radiant glow. Backdrop: grand Gateway arch, faint boats in Arabian Sea. Camera angle: low wide shot from pavement, monument towering behind couple. Lens: 24-70mm cinematic. Editing: warm sunrise grading, HDR monument texture. Must look like a city wedding editorial cover.",template_previews\template47.png,FALSE,TRUE,50,INR,FALSE,,47,0,05-12-2025 12:00,05-12-2025 12:00
48,Rajasthan Haveli Courtyard - Traditional Charm,Rajasthan Haveli Courtyard - Traditional Charm,"Upload the couple photo. Do not change their face and body. Generate a pre-wedding photo in a heritage haveli courtyard in Rajasthan. Male in cream embroidered kurta, female in royal blue lehenga with antique jewelry. Lighting: warm lantern glow and natural evening light. Skin: warm highlights, realistic depth. Backdrop: intricate jharokhas, carved arches, courtyard lights. Camera angle: slightly elevated shot from staircase, couple central below. Lens: 35mm cinematic. Editing: warm golden hues, HDR details on haveli carvings. Must look like a traditional Rajasthani wedding album cover.",template_previews\template48.png,FALSE,TRUE,50,INR,FALSE,,48,0,05-12-2025 12:00,05-12-2025 12:00
49,Kashmir Dal Lake - Shikara Romance,Kashmir Dal Lake - Shikara Romance,"Upload the couple photo. Do not change their face and body. Generate a pre-wedding photo in a decorated shikara on Dal Lake, Srinagar. Male in pastel kurta, female in pastel lehenga with Kashmiri embroidery. Lighting: soft sunrise reflecting on calm waters. Skin: glowing with dewy textures. Backdrop: lake reflections, floating gardens, mountains in distance. Camera angle: wide mid-shot from another boat, showing decorated shikara and couple. Lens: 35mm cinematic. Editing: pastel grading, HDR reflections, dreamy soft tones. Must look like a romantic travel destination editorial.",template_previews\template49.png,FALSE,TRUE,50,INR,FALSE,,49,0,05-12-2025 12:00,05-12-2025 12:00
50,Jaipur Rambagh Palace Garden - Regal Love,Jaipur Rambagh Palace Garden - Regal Love,"Upload the couple photo. Do not change their face and body. Generate a pre-wedding scene in Rambagh Palace gardens, Jaipur. Male in ivory sherwani, female in crimson lehenga with traditional jewelry. Lighting: soft golden evening glow across palace gardens. Skin: radiant natural texture. Backdrop: manicured palace lawns, royal fountains, heritage palace in distance. Camera angle: mid-wide shot of couple walking hand in hand, palace slightly blurred behind. Lens: 50mm portrait cinematic. Editing: warm royal tones, HDR highlights, cinematic vignette. Must look like a luxury wedding editorial poster.",template_previews\template50.png,FALSE,TRUE,50,INR,FALSE,,50,0,05-12-2025 12:00,05-12-2025 12:00
51,Jaipur Jal Mahal - Floating Romance,Jaipur Jal Mahal - Floating Romance,"Upload the couple photo. Do not change their face and body. Generate a hyper-realistic pre-wedding shot at Jal Mahal, Jaipur, where the palace floats in Man Sagar Lake. Male in off-white embroidered sherwani, female in bright pink lehenga with gold jewelry. Lighting: soft golden hour glow reflecting across the lake, with the palace glowing in background. Skin: radiant warm tones with gentle highlights. Backdrop: serene Jal Mahal half-immersed in water, Aravalli hills behind. Camera angle: wide mid-shot from lake edge, couple holding hands with Jal Mahal centered. Lens: 35mm cinematic. Editing: warm golden grading, HDR water reflection, soft vignette. Must look like a romantic royal magazine cover.",template_previews\template51.png,FALSE,TRUE,50,INR,FALSE,,51,0,05-12-2025 12:00,05-12-2025 12:00
52,Delhi Humayun's Tomb - Heritage Grandeur,Delhi Humayun's Tomb - Heritage Grandeur,"Upload the couple photo. Do not change their face and body. Generate a pre-wedding photo at Humayun's Tomb, Delhi. Male in cream kurta with stole, female in red lehenga with heavy dupatta. Lighting: evening sun casting golden glow on red sandstone arches. Skin: glowing warm with detailed texture. Backdrop: majestic tomb architecture with Mughal gardens. Camera angle: low wide shot from garden pathway, tomb towering behind. Lens: 24-70mm for balanced sharpness. Editing: warm tones, HDR texture on sandstone carvings, cinematic color grading. Must look like a heritage wedding editorial.",template_previews\template52.png,FALSE,TRUE,50,INR,FALSE,,52,0,05-12-2025 12:00,05-12-2025 12:00
53,Kerala Munnar Tea Estate - Misty Romance,Kerala Munnar Tea Estate - Misty Romance,"Upload the couple photo. Do not change their face and body. Generate a pre-wedding photo in Munnar's misty tea plantations. Male in beige kurta with jacket, female in flowing green gown. Lighting: soft morning fog with diffused light. Skin: fresh dewy texture. Backdrop: rolling tea gardens, mist drifting in layers. Camera angle: mid-wide candid walking shot, couple strolling along plantation paths. Lens: 50mm for natural intimacy. Editing: cool green grading, HDR mist effects, cinematic bloom. Must look like a romantic editorial in nature.",template_previews\template53.png,FALSE,TRUE,50,INR,FALSE,,53,0,05-12-2025 12:00,05-12-2025 12:00
54,Rajasthan Chittorgarh Fort - Historic Legacy,Rajasthan Chittorgarh Fort - Historic Legacy,"Upload the couple photo. Do not change their face and body. Generate a pre-wedding photo at Chittorgarh Fort. Male in traditional cream sherwani with maroon turban, female in regal maroon lehenga. Lighting: bright desert sun softened with editorial tones. Skin: warm natural glow. Backdrop: towering fort walls, victory tower faintly behind. Camera angle: wide cinematic angle, couple walking across fort ramparts. Lens: 24mm for dramatic composition. Editing: warm cinematic grading, HDR fortress textures, high contrast. Must look like a royal Rajasthani pre-wedding poster.",template_previews\template54.png,FALSE,TRUE,50,INR,FALSE,,54,0,05-12-2025 12:00,05-12-2025 12:00
55,Pondicherry French Colony - Coastal Elegance,Pondicherry French Colony - Coastal Elegance,"Upload the couple photo. Do not change their face and body. Generate a pre-wedding photo in French Quarter, Pondicherry. Male in white linen shirt, female in pastel floral gown. Lighting: bright coastal sunlight with soft pastel tones. Skin: glowing natural with even light. Backdrop: yellow and white colonial houses, cobblestone streets. Camera angle: mid-shot of couple leaning against villa doorway, bougainvillea flowers cascading above. Lens: 50mm portrait cinematic. Editing: pastel cinematic grading, vibrant floral highlights. Must look like a romantic travel editorial.",template_previews\template55.png,FALSE,TRUE,50,INR,FALSE,,55,0,05-12-2025 12:00,05-12-2025 12:00
56,Ladakh Monastery - Spiritual Love,Ladakh Monastery - Spiritual Love,"Upload the couple photo. Do not change their face and body. Generate a pre-wedding photo in front of a Buddhist monastery in Ladakh. Male in woolen kurta and shawl, female in long flowing gown with Tibetan jewelry. Lighting: crisp mountain daylight with high contrast. Skin: radiant with cool undertones. Backdrop: colorful prayer flags fluttering, monastery walls, snow peaks in distance. Camera angle: wide cinematic mid-shot, couple holding hands with prayer flags framing composition. Lens: 24-70mm for depth. Editing: cool grading, HDR sky details, spiritual tones. Must look like a sacred travel pre-wedding image.",template_previews\template56.png,FALSE,TRUE,50,INR,FALSE,,56,0,05-12-2025 12:00,05-12-2025 12:00
57,Goa Beach Night - Starry Romance,Goa Beach Night - Starry Romance,"Upload the couple photo. Do not change their face and body. Generate a pre-wedding scene on a Goa beach at night. Male in casual white shirt, female in flowing satin gown. Lighting: moonlight glow with fairy lights on beach. Skin: softly glowing with blue undertones. Backdrop: ocean waves faintly visible, starry night sky, lanterns glowing. Camera angle: close-up romantic shot, couple embracing under stars. Lens: 85mm portrait for intimacy. Editing: cool cinematic tones, HDR starry sky, dreamy grading. Must look like a romantic night editorial.",template_previews\template57.png,FALSE,TRUE,50,INR,FALSE,,57,0,05-12-2025 12:00,05-12-2025 12:00
58,Rajasthan Pushkar Lake - Spiritual Reflection,Rajasthan Pushkar Lake - Spiritual Reflection,"Upload the couple photo. Do not change their face and body. Generate a pre-wedding photo at Pushkar Lake, Rajasthan. Male in simple cream kurta, female in traditional lehenga with mirror work. Lighting: soft evening sun reflecting on lake water. Skin: glowing warm tones with fine textures. Backdrop: ghats with temples, holy water shimmering. Camera angle: mid-wide shot with couple standing near steps, water reflection central. Lens: 35mm cinematic. Editing: warm grading, HDR reflections, soft vignette. Must look like a spiritual wedding magazine editorial.",template_previews\template58.png,FALSE,TRUE,50,INR,FALSE,,58,0,05-12-2025 12:00,05-12-2025 12:00
59,Sikkim Kanchenjunga View - Mountain Majesty,Sikkim Kanchenjunga View - Mountain Majesty,"Upload the couple photo. Do not change their face and body. Generate a pre-wedding photo with Kanchenjunga mountain range in backdrop. Male in warm wool attire, female in velvet gown with flowing train. Lighting: crisp early morning sunlight casting golden light on peaks. Skin: glowing natural with cool undertones. Backdrop: towering snow peaks with clouds drifting. Camera angle: wide shot from cliff edge, couple central with mountain horizon behind. Lens: 24mm wide cinematic. Editing: cool cinematic grading, HDR mountain highlights. Must look like a luxury adventure pre-wedding poster.",template_previews\template59.png,FALSE,TRUE,50,INR,FALSE,,59,0,05-12-2025 12:00,05-12-2025 12:00
60,Hyderabad Chowmahalla Palace - Nizam Romance,Hyderabad Chowmahalla Palace - Nizam Romance,"Upload the couple photo. Do not change their face and body. Generate a pre-wedding shot inside Chowmahalla Palace, Hyderabad. Male in sherwani with embroidered stole, female in heavily embroidered Anarkali gown. Lighting: chandelier-lit interiors with soft golden highlights. Skin: glowing warm textures. Backdrop: royal hall with arches, chandeliers, palace décor. Camera angle: low wide shot inside grand hall, couple central with chandelier above. Lens: 24-70mm cinematic. Editing: royal golden grading, HDR palace textures, luxury tones. Must look like a regal Nizam-era pre-wedding editorial.",template_previews\template60.png,FALSE,TRUE,50,INR,FALSE,,60,0,05-12-2025 12:00,05-12-2025 12:00
61,Golden Hour Beach Romance,Golden Hour Beach Romance,"Upload the couple's basic image and transform it into a golden hour beach pre-wedding shoot. Place the couple barefoot on soft golden sand with the sun setting over the horizon, casting a warm, glowing light. The sky should have gradients of orange, pink, and purple, reflecting beautifully on the waves. Add soft backlighting to create a natural halo effect around the couple's hair and outline. The bride wears a flowing pastel lehenga with light embroidery that catches the sunlight, while the groom wears a linen kurta-pyjama in off-white tones, casual yet elegant. The outfits flow naturally in the breeze. Camera settings: use an 85mm f/1.4 portrait lens, capturing crisp detail of skin texture while maintaining a cinematic shallow depth of field. Angle: slightly low, framing the couple with the glowing ocean in the background. Lighting: soft natural light with gentle reflector bounce for warm tones on their faces. Skin tone: flawless and natural, keeping texture intact, with smooth retouching. Editing style: cinematic with warm golden tones, soft highlights, and magazine-level retouching. Atmosphere: romantic, free-spirited, dreamy. Small details like seashells, wet sand reflections, and flying seagulls in the distance complete the realism. Ensure this looks like a professional pre-wedding shoot captured by a celebrity photographer. Don't change the uploaded couple's face and body.",template_previews\template61.png,FALSE,TRUE,50,INR,FALSE,,61,0,05-12-2025 12:00,05-12-2025 12:00
62,Royal Heritage Fort Shoot,Royal Heritage Fort Shoot,"Upload the couple's basic image and transform it into a royal pre-wedding shoot inside an ancient Indian fort. The backdrop is a grand sandstone courtyard with tall arched entrances, heritage carvings, and rustic textures that give an authentic Mughal-era look. The couple stands in front of a massive wooden fort door, decorated with brass detailing. The bride wears a traditional red and gold lehenga with heavy embroidery, while the groom dons a regal sherwani with a matching stole, styled like a royal couple. Camera setup: wide-angle 35mm lens to capture the full grandeur of the fort while keeping the couple in sharp focus. Lighting: natural daylight with shadows softly diffused to highlight architectural details and bring out vibrant outfit colors. Angle: eye-level frontal shot, with the fort's symmetry framing the couple perfectly. Atmosphere: regal, majestic, timeless. Editing: cinematic grading with rich tones, keeping warm highlights and strong contrast, giving a royal Bollywood poster look. Skin textures must remain natural and detailed, with professional retouching. Small atmospheric details like scattered marigold petals on the ground and pigeons flying in the background enhance realism. This should look like a luxury pre-wedding shoot booked at a heritage fort palace. Don't change the uploaded couple's face and body.",template_previews\template62.png,FALSE,TRUE,50,INR,FALSE,,62,0,05-12-2025 12:00,05-12-2025 12:00
63,Candlelight Palace Evening,Candlelight Palace Evening,"Upload the couple's basic image and create a romantic palace evening candlelit pre-wedding shoot. The couple stands in a marble courtyard of a palace, with hundreds of lit candles and brass diyas placed in symmetrical patterns across the ground. The backdrop features carved pillars and glowing lanterns hanging from above, adding warmth and intimacy. The bride wears a pastel silk saree with delicate zari work, while the groom wears a cream sherwani with golden detailing. Lighting: use warm artificial light sources—flickering candlelight mixed with subtle fill-light from a softbox, balancing shadows for a cinematic glow. Camera setup: 50mm f/1.2 lens for shallow depth of field, focusing on the couple while creating beautiful bokeh from the candles. Angle: slightly elevated, capturing the couple framed by a circle of lights. Atmosphere: intimate, dreamy, royal. Editing style: cinematic with warm gold tones, smooth transitions, and skin retouched to perfection without over-softening. Extra details: lens flares from candlelight, slight mist in the background for cinematic depth, and reflections of light on polished marble. This must look like a luxury evening pre-wedding session captured by a top wedding photographer. Don't change the uploaded couple's face and body.",template_previews\template63.png,FALSE,TRUE,50,INR,FALSE,,63,0,05-12-2025 12:00,05-12-2025 12:00
64,Mountain Top Sunrise Shoot,Mountain Top Sunrise Shoot,"Upload the couple's basic image and generate a sunrise pre-wedding photoshoot on a mountain cliff. The couple stands on a rugged cliff edge with rolling valleys below and the first light of dawn breaking across the horizon. The sky transitions from deep blue to golden orange, casting soft light on the couple. The bride wears a flowing chiffon gown in pastel peach, fluttering in the morning breeze, while the groom wears a sharp navy-blue suit with a pocket square for contrast. Lighting: use natural sunrise lighting with a golden rim glow highlighting their silhouettes. Add a reflector effect to softly illuminate their faces. Camera: 85mm portrait lens, capturing sharp facial details and natural skin texture, with blurred mountain ranges creating cinematic depth. Angle: wide yet intimate—slightly low, capturing the expanse of the valley behind them. Atmosphere: adventurous yet romantic, giving a sense of grandeur and freedom. Editing style: cinematic with golden highlights, light mist in the valleys, and softened shadows for depth. Small details like wind in the bride's gown, dewdrops on grass, and soft haze enhance realism. This image must look like an epic Bollywood pre-wedding shot planned at dawn. Don't change the uploaded couple's face and body.",template_previews\template64.png,FALSE,TRUE,50,INR,FALSE,,64,0,05-12-2025 12:00,05-12-2025 12:00
65,Luxury Hotel Rooftop Shoot,Luxury Hotel Rooftop Shoot,"Upload the couple's basic image and generate a modern luxury rooftop pre-wedding shoot at a high-end hotel overlooking a glowing city skyline at night. The couple stands on a glass terrace with twinkling city lights below and a starry night sky above. The bride wears a glamorous deep red gown with sequins that shimmer against the lights, while the groom wears a tailored black tuxedo. Lighting: cinematic setup with softbox front-light for the couple and ambient city glow as natural background lighting. Add subtle blue and gold tones to balance the atmosphere. Camera: 35mm wide lens, capturing both the couple and the panoramic skyline. Angle: slightly elevated diagonal framing, giving cinematic depth. Atmosphere: glamorous, urban, sophisticated. Editing style: high-fashion magazine look, with sharp clarity, cool-toned highlights, and glossy skin retouching. Additional details: bokeh effect from blurred city lights, champagne glasses on the side table, and gentle wind brushing the bride's hair for motion. This shot must feel like a luxury destination pre-wedding photoshoot in Mumbai or Dubai. Don't change the uploaded couple's face and body.",template_previews\template65.png,FALSE,TRUE,50,INR,FALSE,,65,0,05-12-2025 12:00,05-12-2025 12:00
66,Traditional Temple Courtyard,Traditional Temple Courtyard,"Upload the couple's basic image and place them in a heritage temple courtyard shoot that blends tradition and serenity. The backdrop features intricately carved temple pillars, stone pathways, and diyas lit along the steps. The bride wears a traditional Kanjeevaram saree in deep maroon and gold, accessorized with temple jewelry, while the groom wears a cream kurta with gold embroidery and a silk dupatta. Lighting: warm golden natural light with additional diffused fill-light, creating balance between temple carvings and couple highlights. Camera: 50mm f/1.2 lens, sharp focus on the couple, blurred temple background for cinematic separation. Angle: frontal mid-shot with symmetry from temple architecture. Atmosphere: divine, cultural, serene. Editing: soft golden tones, rich color grading, with slightly enhanced textures of stone carvings. Additional details: temple bells, soft incense smoke, and falling flower petals for realism. This must look like a traditional South Indian pre-wedding session in a heritage temple. Don't change the uploaded couple's face and body.",template_previews\template66.png,FALSE,TRUE,50,INR,FALSE,,66,0,05-12-2025 12:00,05-12-2025 12:00
67,Monsoon Romance Garden Shoot,Monsoon Romance Garden Shoot,"Upload the couple's basic image and transform it into a monsoon romance garden pre-wedding shoot. The couple stands under a transparent umbrella, surrounded by lush greenery, blooming flowers, and gentle rain falling around them. The bride wears a pastel green lehenga with floral embroidery, while the groom wears a light beige kurta with a Nehru jacket. Lighting: soft diffused overcast lighting with subtle highlights to keep skin tones bright against the rainy backdrop. Camera: 85mm lens, focusing sharply on the couple's expressions, with blurred raindrops creating dreamy bokeh. Angle: close-up slightly tilted upward, emphasizing raindrops falling behind them. Atmosphere: romantic, natural, intimate. Editing: cinematic cool tones with slightly desaturated greens, water reflections on leaves, and raindrops enhanced for realism. Additional details: wet stone pathways, misty garden benches, and droplets on the umbrella. This must feel like a Bollywood monsoon song pre-wedding moment. Don't change the uploaded couple's face and body.",template_previews\template67.png,FALSE,TRUE,50,INR,FALSE,,67,0,05-12-2025 12:00,05-12-2025 12:00
68,Desert Dunes Sunset,Desert Dunes Sunset,"Upload the couple's basic image and create a desert pre-wedding shoot at golden sunset. The backdrop features vast golden sand dunes with camel silhouettes walking in the distance. The bride wears a flowing mustard-yellow lehenga with mirror work, while the groom wears a dark brown sherwani with a silk stole. Lighting: golden hour lighting with soft sun flares, highlighting sand textures. Camera: 70-200mm telephoto lens for cinematic compression, sharp focus on couple, blurred desert depth. Angle: wide panoramic capturing sand waves, with the couple in foreground. Atmosphere: exotic, adventurous, majestic. Editing: cinematic grading with warm golden hues, deep shadows, and sharp outfit details. Small elements: sand trails, footprints, flying dupatta in wind. This must resemble a destination pre-wedding shoot in Jaisalmer desert. Don't change the uploaded couple's face and body.",template_previews\template68.png,FALSE,TRUE,50,INR,FALSE,,68,0,05-12-2025 12:00,05-12-2025 12:00
69,Vintage Train Station Shoot,Vintage Train Station Shoot,"Upload the couple's basic image and transform it into a romantic vintage train station pre-wedding shoot. The couple stands beside an old steam engine with smoke billowing in the background. The bride wears a vintage pastel saree with pearls, while the groom wears suspenders over a crisp white shirt for retro charm. Lighting: soft morning light with warm tones bouncing off metallic train surfaces. Camera: 50mm lens for intimate framing, focusing on couple's eyes while the steam creates dreamy atmosphere. Angle: slightly low capturing train, couple, and smoke in composition. Atmosphere: nostalgic, cinematic, timeless. Editing: sepia-inspired cinematic grading, softened highlights, natural skin retouching. Details: luggage trunks, old station clock, pigeons in flight. This must look like a 1940s-inspired vintage pre-wedding shoot. Don't change the uploaded couple's face and body.",template_previews\template69.png,FALSE,TRUE,50,INR,FALSE,,69,0,05-12-2025 12:00,05-12-2025 12:00
70,Lantern-Lit Lakeside Evening,Lantern-Lit Lakeside Evening,"Upload the couple's basic image and generate a lantern-lit lakeside pre-wedding shoot at twilight. The couple stands beside a calm lake, with floating paper lanterns glowing on the water. The bride wears a pastel pink flowing gown, while the groom wears a navy suit with no tie for a semi-formal look. Lighting: twilight natural light mixed with lantern glow for dreamy ambience. Camera: 35mm wide lens, capturing couple with glowing reflections on lake surface. Angle: mid-level panoramic framing, highlighting lanterns and silhouettes of trees. Atmosphere: dreamy, romantic, fairytale-like. Editing: cinematic with soft blues and warm golden tones, natural retouching on skin, enhanced reflections. Additional elements: fireflies glowing in air, soft mist rising from water, ripples around lanterns. This must feel like a romantic lakeside pre-wedding fantasy. Don't change the uploaded couple's face and body.",template_previews\template70.png,FALSE,TRUE,50,INR,FALSE,,70,0,05-12-2025 12:00,05-12-2025 12:00
71,Snow-Covered Hill Station Shoot,Snow-Covered Hill Station Shoot,"Upload the couple's basic image and generate a pre-wedding photoshoot in a snowy hill station setting. Imagine the couple standing on fresh white snow surrounded by tall pine trees dusted with frost. The bride wears a velvet maroon gown with faux fur shawl, while the groom wears a dark charcoal overcoat with a scarf. Lighting: soft diffused winter sunlight with subtle reflector bounce to warm the skin tones. Camera: 70-200mm lens for compression, capturing sharp details while blurring the snowy forest background. Angle: slightly low, giving grandeur to the couple against tall trees. Atmosphere: cozy, romantic, winter fairytale. Editing: cinematic cold tones with subtle warm highlights on skin, ensuring natural retouching while preserving texture. Small details: visible breath in the cold air, soft falling snowflakes, footprints in snow. This must look like a luxury pre-wedding shoot in Manali or Kashmir. Don't change the uploaded couple's face and body.",template_previews\template71.png,FALSE,TRUE,50,INR,FALSE,,71,0,05-12-2025 12:00,05-12-2025 12:00
72,Royal Udaipur Lake Palace,Royal Udaipur Lake Palace,"Upload the couple's basic image and transform it into a royal pre-wedding photoshoot at Udaipur's Lake Palace. The couple stands on a marble terrace overlooking the shimmering lake with the palace backdrop glowing in golden evening light. The bride wears a heavily embroidered royal blue lehenga, while the groom wears an ivory sherwani with regal turban. Lighting: golden hour sunlight with subtle fill-light balancing shadows. Camera: 50mm f/1.2 lens for cinematic bokeh with sharp skin details. Angle: wide horizontal shot capturing both the couple and palace reflection. Atmosphere: regal, luxurious, timeless. Editing: rich warm tones, cinematic grading, high-contrast marble textures. Additional details: pigeons flying, lake ripples, floral décor accents. This should resemble a destination royal pre-wedding shoot booked by celebrities. Don't change the uploaded couple's face and body.",template_previews\template72.png,FALSE,TRUE,50,INR,FALSE,,72,0,05-12-2025 12:00,05-12-2025 12:00
73,Bohemian Forest Shoot,Bohemian Forest Shoot,"Upload the couple's basic image and generate a bohemian-inspired pre-wedding shoot in a rustic forest. The couple sits on a wooden swing decorated with dreamcatchers, fairy lights, and fresh flowers. The bride wears a flowy off-shoulder pastel gown with floral crown, while the groom wears a casual beige linen shirt and trousers. Lighting: golden sunlight filtered through trees, with warm tones bouncing naturally. Camera: 85mm lens, shallow depth of field, dreamy bokeh from fairy lights. Angle: close-up mid-shot capturing soft intimacy. Atmosphere: rustic, dreamy, free-spirited. Editing: earthy tones with soft highlights, film-inspired grading. Additional details: dappled sunlight through leaves, glowing fairy lights, petals scattered on ground. This must look like a boho-style pre-wedding fantasy shoot. Don't change the uploaded couple's face and body.",template_previews\template73.png,FALSE,TRUE,50,INR,FALSE,,73,0,05-12-2025 12:00,05-12-2025 12:00
74,Mughal Garden Heritage Shoot,Mughal Garden Heritage Shoot,"Upload the couple's basic image and transform it into a heritage Mughal garden pre-wedding shoot. The backdrop features symmetrical fountains, marble pathways, and lush manicured gardens. The bride wears a traditional Anarkali suit with pastel embroidery, while the groom wears a cream sherwani with dupatta. Lighting: natural daylight with soft overhead diffused light. Camera: 35mm wide lens for symmetrical composition with couple in center. Angle: frontal eye-level, capturing architecture and garden layout. Atmosphere: cultural, elegant, serene. Editing: cinematic grading with pastel highlights, natural skin retouching. Details: fountains spraying mist, pigeons flying, roses scattered. This should feel like a timeless cultural pre-wedding shoot in Delhi's Mughal Gardens. Don't change the uploaded couple's face and body.",template_previews\template74.png,FALSE,TRUE,50,INR,FALSE,,74,0,05-12-2025 12:00,05-12-2025 12:00
75,Goa Beach Bonfire Shoot,Goa Beach Bonfire Shoot,"Upload the couple's basic image and generate a romantic beach bonfire pre-wedding shoot in Goa. The couple sits on a wooden bench near a glowing bonfire, with palm trees and waves in the backdrop. The bride wears a casual maxi dress in vibrant tropical colors, while the groom wears a white linen shirt with rolled-up sleeves. Lighting: warm firelight glow mixed with soft moonlight for balance. Camera: 50mm f/1.2 lens, capturing sharp couple details and blurred fire embers. Angle: slightly low, framing couple with bonfire flames. Atmosphere: intimate, casual, tropical. Editing: cinematic warm tones with enhanced glow, natural skin retouching. Additional details: fire sparks, drinks on table, driftwood logs around fire. This must look like a romantic Goan evening getaway pre-wedding shoot. Don't change the uploaded couple's face and body.",template_previews\template75.png,FALSE,TRUE,50,INR,FALSE,,75,0,05-12-2025 12:00,05-12-2025 12:00
76,Jaipur Pink City Heritage Walls,Jaipur Pink City Heritage Walls,"Upload the couple's basic image and create a pre-wedding shoot in Jaipur's Pink City backdrop. The couple stands against intricate pink sandstone walls with Rajput architecture visible. The bride wears a peach lehenga with gota patti work, while the groom wears a cream kurta with pastel jacket. Lighting: natural afternoon sunlight softened with diffused fill-light. Camera: 35mm lens capturing both architecture and couple. Angle: frontal shot with wall symmetry. Atmosphere: vibrant, cultural, traditional. Editing: bright pastel grading with enhanced pink tones, cinematic clarity. Details: colorful Rajasthani motifs, carved arches, pigeons flying overhead. This must feel like a Jaipur destination pre-wedding session. Don't change the uploaded couple's face and body.",template_previews\template76.png,FALSE,TRUE,50,INR,FALSE,,76,0,05-12-2025 12:00,05-12-2025 12:00
77,Vintage Royal Car Shoot,Vintage Royal Car Shoot,"Upload the couple's basic image and generate a pre-wedding photoshoot with a vintage royal car. The couple stands beside a classic white convertible decorated with flowers, parked in a palace courtyard. The bride wears a satin champagne gown, while the groom wears a tailored tuxedo. Lighting: golden sunset with natural flares across the car's chrome details. Camera: 85mm lens, shallow depth capturing couple and blurred palace. Angle: side view capturing couple leaning on car, with palace arches in background. Atmosphere: glamorous, cinematic, retro-luxury. Editing: cinematic grading with warm tones, shiny reflections enhanced. Additional details: polished chrome, flying dupatta in wind, soft petals on ground. This should resemble a royal celebrity pre-wedding editorial. Don't change the uploaded couple's face and body.",template_previews\template77.png,FALSE,TRUE,50,INR,FALSE,,77,0,05-12-2025 12:00,05-12-2025 12:00
78,Riverbank Sunrise Shoot,Riverbank Sunrise Shoot,"Upload the couple's basic image and transform it into a serene pre-wedding shoot at a riverside sunrise. The couple stands on a small wooden jetty with golden sun reflecting across calm waters. The bride wears a simple white flowy dress, while the groom wears a pastel blue kurta. Lighting: soft sunrise golden rays with subtle rim-light. Camera: 50mm lens for intimate sharpness, blurred water reflections. Angle: wide horizontal framing capturing glowing river. Atmosphere: peaceful, natural, dreamy. Editing: cinematic grading with pastel highlights and golden reflections. Details: birds flying, slight mist rising, rippling reflections. This must feel like a romantic riverside dawn pre-wedding. Don't change the uploaded couple's face and body.",template_previews\template78.png,FALSE,TRUE,50,INR,FALSE,,78,0,05-12-2025 12:00,05-12-2025 12:00
79,Bollywood Style Rooftop Dance,Bollywood Style Rooftop Dance,"Upload the couple's basic image and generate a Bollywood-style rooftop dance pre-wedding shoot. The couple stands on a decorated rooftop terrace with fairy lights, drapes, and marigold flowers. The bride wears a glittering lehenga with sequins, while the groom wears a kurta-pyjama with embroidered jacket. Lighting: artificial fairy lights with spot-light highlighting couple. Camera: 35mm lens capturing energy and movement. Angle: dynamic tilted frame capturing couple mid-dance. Atmosphere: festive, lively, cinematic. Editing: vibrant Bollywood grading with high contrast, colorful tones. Details: sparklers, flower petals, dhols in background. This must look like a filmy Bollywood pre-wedding shoot. Don't change the uploaded couple's face and body.",template_previews\template79.png,FALSE,TRUE,50,INR,FALSE,,79,0,05-12-2025 12:00,05-12-2025 12:00
80,Lavender Field Shoot,Lavender Field Shoot,"Upload the couple's basic image and place them in a lavender field pre-wedding shoot. The couple stands in a vast purple field with golden sunlight illuminating the scene. The bride wears a pastel lavender gown, while the groom wears a beige suit. Lighting: natural golden hour with soft side-light. Camera: 85mm portrait lens, focusing on couple while blurring lavender field into dreamy haze. Angle: slightly low to capture expanse of flowers. Atmosphere: romantic, European-inspired, dreamy. Editing: cinematic grading with purple highlights, warm skin tones, and glowing edges. Additional details: bees flying, soft breeze moving flowers, delicate dupatta movement. This must feel like a luxury international pre-wedding in Provence-style lavender fields. Don't change the uploaded couple's face and body.",template_previews\template80.png,FALSE,TRUE,50,INR,FALSE,,80,0,05-12-2025 12:00,05-12-2025 12:00
81,Hot Air Balloon Ride,Hot Air Balloon Ride,"Upload the couple's basic image and transform it into a romantic pre-wedding photoshoot in a hot air balloon. The couple stands inside a colorful balloon basket floating above rolling hills and farmlands. The bride wears a flowing pastel gown that catches the wind, while the groom wears a crisp white shirt with suspenders for a chic look. Lighting: soft golden hour light with sunbeams breaking through clouds, casting a dreamy glow. Camera: 35mm wide-angle lens to capture balloon, couple, and vast landscape below. Angle: aerial side shot showing balloon against endless sky. Atmosphere: adventurous, dreamy, cinematic. Editing: vibrant grading with golden and pastel highlights, natural skin retouching. Additional details: multiple balloons in the distance, light haze on horizon, birds flying alongside. This must feel like a luxury destination pre-wedding in Cappadocia or Jaipur balloon festival style. Don't change the uploaded couple's face and body.",template_previews\template81.png,FALSE,TRUE,50,INR,FALSE,,81,0,05-12-2025 12:00,05-12-2025 12:00
82,Luxurious Yacht Shoot,Luxurious Yacht Shoot,"Upload the couple's basic image and generate a pre-wedding photoshoot on a private yacht. The couple poses on the deck with turquoise ocean and clear skies in the background. The bride wears a chic white off-shoulder gown with flowing fabric, while the groom wears a navy blazer with open collar shirt. Lighting: natural mid-day sun softened with reflector for flattering tones. Camera: 50mm lens for crisp details, with blurred waves in backdrop. Angle: slightly elevated diagonal framing with ocean horizon cutting across background. Atmosphere: glamorous, modern, luxurious. Editing: cinematic sharpness, high-contrast whites and blues, glossy retouching. Additional elements: champagne bottle, sunglasses, seagulls in flight, sparkling water reflections. This should feel like a luxury yacht pre-wedding shoot in Goa or Maldives. Don't change the uploaded couple's face and body.",template_previews\template82.png,FALSE,TRUE,50,INR,FALSE,,82,0,05-12-2025 12:00,05-12-2025 12:00
83,Vintage Haveli Courtyard,Vintage Haveli Courtyard,"Upload the couple's basic image and transform it into a heritage haveli pre-wedding shoot. The couple stands in an old haveli courtyard with jharokhas, carved balconies, and fresco paintings. The bride wears a heavily embroidered lehenga in deep green, while the groom wears a regal sherwani with golden turban. Lighting: warm late-afternoon sunlight with soft shadows across courtyard. Camera: 35mm wide lens capturing architectural symmetry. Angle: frontal full-length shot with arches framing couple. Atmosphere: royal, traditional, timeless. Editing: cinematic warm tones, high-contrast textures, professional skin retouching. Additional details: pigeons flying, flower garlands, brass lamps glowing. This must look like a Rajasthan heritage haveli pre-wedding. Don't change the uploaded couple's face and body.",template_previews\template83.png,FALSE,TRUE,50,INR,FALSE,,83,0,05-12-2025 12:00,05-12-2025 12:00
84,Rainy Street Romance,Rainy Street Romance,"Upload the couple's basic image and generate a romantic rainy street pre-wedding shoot. The couple stands on a wet cobblestone street holding a single black umbrella. Reflections from street lamps glow on the ground. The bride wears a short modern cocktail dress in red, while the groom wears a slim-fit black suit. Lighting: evening city streetlights mixed with reflections from puddles. Camera: 85mm portrait lens for intimate sharpness, raindrops blurred in background. Angle: close-up slightly tilted upward capturing couple's gaze. Atmosphere: romantic, cinematic, urban. Editing: film-inspired grading with cool rain tones and warm highlights from lamps. Additional details: water droplets on umbrella, neon reflections, blurred silhouettes of people walking in distance. This must feel like a Bollywood rain romance pre-wedding. Don't change the uploaded couple's face and body.",template_previews\template84.png,FALSE,TRUE,50,INR,FALSE,,84,0,05-12-2025 12:00,05-12-2025 12:00
85,Tea Estate Serenity,Tea Estate Serenity,"Upload the couple's basic image and place them in a lush green tea plantation. The couple walks hand in hand through perfectly aligned rows of tea bushes. The bride wears a pastel saree, while the groom wears a casual cream kurta with vest. Lighting: soft natural morning light with mist lingering across hills. Camera: 35mm wide lens, capturing endless green rows as perspective lines. Angle: slightly aerial diagonal framing. Atmosphere: serene, natural, refreshing. Editing: cinematic green grading with dewy freshness, natural skin retouching. Additional details: mist rising, baskets of tea leaves, distant workers in background. This must look like a Kerala or Darjeeling tea garden pre-wedding. Don't change the uploaded couple's face and body.",template_previews\template85.png,FALSE,TRUE,50,INR,FALSE,,85,0,05-12-2025 12:00,05-12-2025 12:00
86,Desert Campfire Night,Desert Campfire Night,"Upload the couple's basic image and create a romantic desert night pre-wedding shoot beside a glowing campfire and luxury tents. The bride wears a deep blue lehenga with mirror work that glitters against firelight, while the groom wears a beige sherwani with a shawl. Lighting: firelight glow as primary source, supported by hidden soft warm lights to balance shadows. Camera: 50mm lens, sharp detail on couple, blurred stars above. Angle: low, capturing flames, couple, and starry sky. Atmosphere: adventurous, intimate, exotic. Editing: cinematic grading with warm fire tones and deep desert blues. Additional elements: lanterns hanging, camel silhouettes in distance, embers floating. This must look like a luxury Jaisalmer desert camp pre-wedding. Don't change the uploaded couple's face and body.",template_previews\template86.png,FALSE,TRUE,50,INR,FALSE,,86,0,05-12-2025 12:00,05-12-2025 12:00
87,Cherry Blossom Garden,Cherry Blossom Garden,"Upload the couple's basic image and generate a romantic cherry blossom pre-wedding shoot. The couple stands under a canopy of pink blossoms falling around them. The bride wears a pastel pink gown with soft tulle layers, while the groom wears a grey formal suit. Lighting: soft diffused spring sunlight with highlights bouncing through blossoms. Camera: 85mm portrait lens with blossoms creating natural bokeh. Angle: close-up mid-shot framed by tree branches. Atmosphere: dreamy, fairytale, romantic. Editing: pastel cinematic grading with soft pink highlights, smooth skin retouching. Additional details: petals in bride's hair, fallen flowers on ground, soft breeze moving branches. This must feel like a Japanese-style spring pre-wedding fantasy. Don't change the uploaded couple's face and body.",template_previews\template87.png,FALSE,TRUE,50,INR,FALSE,,87,0,05-12-2025 12:00,05-12-2025 12:00
88,Modern Glass Building Shoot,Modern Glass Building Shoot,"Upload the couple's basic image and transform it into a contemporary pre-wedding shoot in front of a modern glass skyscraper. The couple stands on polished marble steps with glass reflections towering above. The bride wears a sleek satin gown, while the groom wears a black tuxedo. Lighting: late-afternoon golden hour bouncing off glass surfaces. Camera: 35mm lens capturing architectural lines. Angle: low upward framing couple against skyscraper. Atmosphere: modern, chic, urban. Editing: cinematic sharp tones with glossy highlights, clean skin retouching. Additional details: reflections of clouds on glass, soft wind moving bride's hair, lens flare across frame. This should feel like a luxury editorial pre-wedding in a city skyline setting. Don't change the uploaded couple's face and body.",template_previews\template88.png,FALSE,TRUE,50,INR,FALSE,,88,0,05-12-2025 12:00,05-12-2025 12:00
89,Vineyard Sunset Romance,Vineyard Sunset Romance,"Upload the couple's basic image and generate a vineyard pre-wedding photoshoot at golden sunset. The couple walks through rows of grapevines with soft golden rays streaming through leaves. The bride wears a pastel gown with floral embroidery, while the groom wears a cream blazer with open shirt. Lighting: natural golden sunset with rim-light glow. Camera: 50mm lens focusing on couple, blurred grapevines in depth. Angle: diagonal framing capturing vineyard rows. Atmosphere: romantic, cinematic, rustic luxury. Editing: warm cinematic tones with sun flares, natural skin tones, soft retouch. Additional elements: grapes hanging, wine barrel props, butterflies. This must look like a Tuscan or Nashik vineyard pre-wedding session. Don't change the uploaded couple's face and body.",template_previews\template89.png,FALSE,TRUE,50,INR,FALSE,,89,0,05-12-2025 12:00,05-12-2025 12:00
90,Firework Celebration Night,Firework Celebration Night,"Upload the couple's basic image and create a dramatic pre-wedding shoot with fireworks in the background. The couple stands in an open palace courtyard with vibrant fireworks lighting the night sky. The bride wears a glittering lehenga, while the groom wears a regal sherwani. Lighting: fireworks provide natural bursts, with soft fill-light on couple for clarity. Camera: 35mm wide lens capturing both couple and grand firework display. Angle: slightly low, framing couple under exploding colors. Atmosphere: festive, grand, cinematic. Editing: vibrant Bollywood-style grading with enhanced sparkles and glossy skin tones. Additional details: sparklers, petals on ground, palace arches glowing. This must feel like a royal Bollywood film climax-style pre-wedding photo. Don't change the uploaded couple's face and body.",template_previews\template90.png,FALSE,TRUE,50,INR,FALSE,,90,0,05-12-2025 12:00,05-12-2025 12:00
91,Mountain Cliff Edge,Mountain Cliff Edge,"Upload the couple's basic image and place them on a majestic mountain cliff at sunrise. The bride wears a flowing pastel gown with a long train that catches the breeze, while the groom wears a rugged tailored blazer with casual trousers. Lighting: soft pink-orange sunrise glow spreading across valleys. Camera: wide 24mm lens capturing the dramatic drop of the cliff and panoramic view. Angle: slightly aerial diagonal showing both couple and vast scenery. Atmosphere: adventurous, cinematic, epic. Editing: cinematic grading with pastel sunrise tones, natural sharp retouching. Additional elements: light mist rolling through valleys, eagles soaring above, soft wind movement in fabric. This must look like a romantic destination pre-wedding in Ladakh or Himachal. Don't change the uploaded couple's face and body.",template_previews\template91.png,FALSE,TRUE,50,INR,FALSE,,91,0,05-12-2025 12:00,05-12-2025 12:00
92,Royal Train Journey,Royal Train Journey,"Upload the couple's basic image and generate a luxurious pre-wedding shoot inside a royal train cabin. The bride wears a traditional silk saree, while the groom wears a bandhgala suit. Lighting: soft golden cabin lamps glowing against wood interiors. Camera: 50mm lens with shallow depth for intimate detail. Angle: side framing through window showing couple sitting by table with wine glasses. Atmosphere: royal, vintage, cinematic. Editing: warm grading with polished wood tones, skin retouched naturally. Additional details: train window with blurred countryside outside, antique lamps, velvet curtains. This must look like a Palace on Wheels luxury train pre-wedding. Don't change the uploaded couple's face and body.",template_previews\template92.png,FALSE,TRUE,50,INR,FALSE,,92,0,05-12-2025 12:00,05-12-2025 12:00
93,Seaside Cliff Romance,Seaside Cliff Romance,"Upload the couple's basic image and place them on a seaside cliff overlooking crashing waves. The bride wears a flowing chiffon dress in ocean blue, while the groom wears a crisp white shirt with sleeves rolled up. Lighting: golden sunset over sea horizon with glowing highlights. Camera: 35mm wide lens capturing cliff, waves, and endless horizon. Angle: low perspective showing couple against wide sea. Atmosphere: cinematic, adventurous, romantic. Editing: cinematic warm tones with deep blue sea contrast, glossy skin retouch. Additional details: waves crashing below, seagulls flying, wind moving hair. This must feel like a romantic pre-wedding shoot at Goa or Santorini cliffside. Don't change the uploaded couple's face and body.",template_previews\template93.png,FALSE,TRUE,50,INR,FALSE,,93,0,05-12-2025 12:00,05-12-2025 12:00
94,Forest Waterfall Shoot,Forest Waterfall Shoot,"Upload the couple's basic image and generate a dreamy pre-wedding shoot near a waterfall. The bride wears a soft flowing gown in lavender, while the groom wears a cream kurta-pajama with modern vest. Lighting: natural sunlight piercing through trees with mist rising. Camera: 35mm lens capturing both waterfall and couple. Angle: frontal diagonal shot with water spray creating bokeh. Atmosphere: natural, magical, adventurous. Editing: cinematic grading with cool tones and mist highlights. Additional details: rainbow light refraction near waterfall, mossy rocks, wet texture details. This must feel like a Kerala or Meghalaya jungle waterfall pre-wedding. Don't change the uploaded couple's face and body.",template_previews\template94.png,FALSE,TRUE,50,INR,FALSE,,94,0,05-12-2025 12:00,05-12-2025 12:00
95,Desert Palace Rooftop,Desert Palace Rooftop,"Upload the couple's basic image and create a sunset rooftop pre-wedding in a desert palace. The bride wears a vibrant red lehenga with mirror embroidery, while the groom wears a cream sherwani with pagdi. Lighting: golden desert sunset casting long shadows. Camera: wide 35mm lens capturing rooftop, palace domes, and desert beyond. Angle: slightly aerial framing couple against glowing horizon. Atmosphere: royal, traditional, cinematic. Editing: warm cinematic tones with golden highlights, natural retouching. Additional details: flying pigeons, sandstone texture, flower petals in air. This must look like a Jodhpur or Jaisalmer palace rooftop pre-wedding. Don't change the uploaded couple's face and body.",template_previews\template95.png,FALSE,TRUE,50,INR,FALSE,,95,0,05-12-2025 12:00,05-12-2025 12:00
96,Snow-Covered Mountains,Snow-Covered Mountains,"Upload the couple's basic image and place them in a snowy mountain pre-wedding shoot. The bride wears a pastel blue gown with faux fur shawl, while the groom wears a dark wool coat with scarf. Lighting: soft white winter sunlight reflecting off snow. Camera: wide 24mm lens capturing snowy peaks and icy ground. Angle: slightly upward showing couple standing against vast mountain backdrop. Atmosphere: dreamy, cinematic, winter romance. Editing: cinematic cold tones with warm skin contrast. Additional details: snowflakes falling, soft footprints in snow, misty breath visible. This must feel like a Kashmir or Switzerland-style pre-wedding. Don't change the uploaded couple's face and body.",template_previews\template96.png,FALSE,TRUE,50,INR,FALSE,,96,0,05-12-2025 12:00,05-12-2025 12:00
97,Floating Candle Lake,Floating Candle Lake,"Upload the couple's basic image and generate a romantic lakeside pre-wedding with floating candles. The couple stands at the edge of a calm lake with hundreds of floating diyas glowing on water. The bride wears a pastel lehenga with light embroidery, while the groom wears a cream kurta with jacket. Lighting: warm candlelight reflections on water. Camera: 50mm lens for intimate focus, blurred glowing reflections in depth. Angle: diagonal framing couple against glowing lake surface. Atmosphere: serene, spiritual, dreamy. Editing: cinematic grading with golden highlights and deep night tones. Additional details: lotus flowers, fireflies glowing, soft mist over lake. This must look like a Varanasi ghats or Udaipur lake pre-wedding fantasy. Don't change the uploaded couple's face and body.",template_previews\template97.png,FALSE,TRUE,50,INR,FALSE,,97,0,05-12-2025 12:00,05-12-2025 12:00
98,Carnival Lights Shoot,Carnival Lights Shoot,"Upload the couple's basic image and create a playful pre-wedding shoot at a carnival. The couple stands in front of a brightly lit Ferris wheel, surrounded by colorful lights and stalls. The bride wears a short pastel dress, while the groom wears a denim jacket with casual shirt. Lighting: vibrant neon and fairground lights. Camera: 35mm lens with bokeh lights in background. Angle: frontal mid-shot with Ferris wheel dominating frame. Atmosphere: fun, lively, cinematic. Editing: bold color grading with neon contrasts, glossy retouch. Additional details: cotton candy props, balloons, blurred carnival rides in motion. This must feel like a Bollywood-style playful carnival romance. Don't change the uploaded couple's face and body.",template_previews\template98.png,FALSE,TRUE,50,INR,FALSE,,98,0,05-12-2025 12:00,05-12-2025 12:00
99,Heritage Temple Architecture,Heritage Temple Architecture,"Upload the couple's basic image and transform it into a pre-wedding shoot in front of a grand South Indian temple. The bride wears a traditional silk saree with temple jewelry, while the groom wears a cream dhoti and angavastram. Lighting: golden morning temple light with lens flare. Camera: wide 24mm lens capturing gopuram carvings and steps. Angle: low framing making temple look monumental. Atmosphere: spiritual, cultural, timeless. Editing: cinematic grading with warm stone tones, sharp detailing on carvings. Additional details: oil lamps, flowers scattered on steps, pigeons flying. This must look like a Madurai or Hampi temple pre-wedding. Don't change the uploaded couple's face and body.",template_previews\template99.png,FALSE,TRUE,50,INR,FALSE,,99,0,05-12-2025 12:00,05-12-2025 12:00
100,Starry Sky Finale,Starry Sky Finale,"Upload the couple's basic image and generate a grand finale pre-wedding shoot under a starry sky. The couple stands hand in hand with the Milky Way galaxy glowing behind. The bride wears a shimmering silver gown, while the groom wears a black suit. Lighting: soft artificial rim-light on couple to separate them from night backdrop. Camera: wide 16mm lens capturing vast sky filled with stars. Angle: low upward framing making couple look silhouetted against stars. Atmosphere: dreamy, cosmic, magical. Editing: cinematic grading with deep blues and glowing stars, soft skin retouch. Additional details: shooting star streaking across sky, glowing lanterns in distance. This must feel like a cosmic, once-in-a-lifetime pre-wedding image. Don't change the uploaded couple's face and body.",template_previews\template100.png,FALSE,TRUE,50,INR,FALSE,,100,0,05-12-2025 12:00,05-12-2025 12:00